{"cameraMode":{"drawMode":0,"name":"Shaded","section":"Shading Mode"},"sceneLighting":false,"audioPlay":false,"sceneViewState":{"m_AlwaysRefresh":false,"showFog":true,"showSkybox":false,"showFlares":true,"showImageEffects":true,"showParticleSystems":true,"showVisualEffectGraphs":true,"m_FxEnabled":true},"in2DMode":false,"pivot":{"x":255.12283325195313,"y":1342.807373046875,"z":-696.8181762695313},"rotation":{"x":-0.044899750500917438,"y":-0.061399005353450778,"z":-0.0027648205868899824,"w":0.9970989227294922},"size":1222.836181640625,"orthographic":true}