{"cameraMode":{"drawMode":0,"name":"Shaded","section":"Shading Mode"},"sceneLighting":false,"audioPlay":false,"sceneViewState":{"m_AlwaysRefresh":false,"showFog":true,"showSkybox":false,"showFlares":true,"showImageEffects":true,"showParticleSystems":true,"showVisualEffectGraphs":true,"m_FxEnabled":true},"in2DMode":false,"pivot":{"x":0.0003562169149518013,"y":-0.00004328315844759345,"z":-0.00011575315147638321},"rotation":{"x":0.036404844373464587,"y":-0.9312081933021545,"z":0.09701167792081833,"w":0.34954535961151125},"size":0.011139479465782643,"orthographic":false}