{"cameraMode":{"drawMode":0,"name":"Shaded","section":"Shading Mode"},"sceneLighting":false,"audioPlay":false,"sceneViewState":{"m_AlwaysRefresh":false,"showFog":true,"showSkybox":false,"showFlares":true,"showImageEffects":true,"showParticleSystems":true,"showVisualEffectGraphs":true,"m_FxEnabled":true},"in2DMode":false,"pivot":{"x":-0.0825839638710022,"y":0.15712516009807588,"z":0.34148818254470827},"rotation":{"x":0.09281452745199204,"y":-0.19553649425506593,"z":0.018599601462483407,"w":0.9761379361152649},"size":0.6626275777816773,"orthographic":false}