{"cameraMode":{"drawMode":0,"name":"Shaded","section":"Shading Mode"},"sceneLighting":false,"audioPlay":false,"sceneViewState":{"m_AlwaysRefresh":false,"showFog":true,"showSkybox":false,"showFlares":true,"showImageEffects":true,"showParticleSystems":true,"showVisualEffectGraphs":true,"m_FxEnabled":true},"in2DMode":false,"pivot":{"x":-0.3381112217903137,"y":0.2703031301498413,"z":-0.10041709244251251},"rotation":{"x":0.26283830404281618,"y":-0.1309213638305664,"z":0.03601350262761116,"w":0.9552676677703857},"size":0.7963073253631592,"orthographic":false}