{"cameraMode":{"drawMode":0,"name":"Shaded","section":"Shading Mode"},"sceneLighting":false,"audioPlay":false,"sceneViewState":{"m_AlwaysRefresh":false,"showFog":true,"showSkybox":false,"showFlares":true,"showImageEffects":true,"showParticleSystems":true,"showVisualEffectGraphs":true,"m_FxEnabled":true},"in2DMode":false,"pivot":{"x":-0.006855424027889967,"y":-0.006931873504072428,"z":0.000015053432434797287},"rotation":{"x":0.01446232758462429,"y":-0.9234748482704163,"z":0.03491530194878578,"w":0.38186001777648928},"size":2.714134693145752,"orthographic":false}