{"cameraMode":{"drawMode":0,"name":"Shaded","section":"Shading Mode"},"sceneLighting":false,"audioPlay":false,"sceneViewState":{"m_AlwaysRefresh":false,"showFog":true,"showSkybox":false,"showFlares":true,"showImageEffects":true,"showParticleSystems":true,"showVisualEffectGraphs":true,"m_FxEnabled":true},"in2DMode":false,"pivot":{"x":-0.00013051927089691162,"y":-2.4959444999694826e-7,"z":0.0017485618591308594},"rotation":{"x":0.12059468030929566,"y":0.7586988210678101,"z":-0.14715002477169038,"w":0.6231988072395325},"size":0.5890429615974426,"orthographic":false}