{"cameraMode":{"drawMode":0,"name":"Shaded","section":"Shading Mode"},"sceneLighting":false,"audioPlay":false,"sceneViewState":{"m_AlwaysRefresh":false,"showFog":true,"showSkybox":false,"showFlares":true,"showImageEffects":true,"showParticleSystems":true,"showVisualEffectGraphs":true,"m_FxEnabled":true},"in2DMode":false,"pivot":{"x":0.00023704254999756813,"y":-0.000026722438633441925,"z":0.0026279091835021974},"rotation":{"x":0.05138813331723213,"y":-0.2701376974582672,"z":0.014436110854148865,"w":0.9613876938819885},"size":0.012452625669538975,"orthographic":false}