{"cameraMode":{"drawMode":0,"name":"Shaded","section":"Shading Mode"},"sceneLighting":false,"audioPlay":false,"sceneViewState":{"m_AlwaysRefresh":false,"showFog":true,"showSkybox":false,"showFlares":true,"showImageEffects":true,"showParticleSystems":true,"showVisualEffectGraphs":true,"m_FxEnabled":true},"in2DMode":false,"pivot":{"x":-2.2598044872283937,"y":3.273559808731079,"z":7.496446132659912},"rotation":{"x":0.1493811309337616,"y":-0.16794852912425996,"z":0.025491517037153245,"w":0.9742070436477661},"size":5.8121867179870609,"orthographic":false}