{"cameraMode":{"drawMode":0,"name":"Shaded","section":"Shading Mode"},"sceneLighting":false,"audioPlay":false,"sceneViewState":{"m_AlwaysRefresh":false,"showFog":true,"showSkybox":false,"showFlares":true,"showImageEffects":true,"showParticleSystems":true,"showVisualEffectGraphs":true,"m_FxEnabled":true},"in2DMode":false,"pivot":{"x":507.9616394042969,"y":1010.5866088867188,"z":-355.32159423828127},"rotation":{"x":0.05576852336525917,"y":-0.010184540413320065,"z":0.0005665304488502443,"w":0.9983966946601868},"size":398.2642822265625,"orthographic":true}