{"cameraMode":{"drawMode":0,"name":"Shaded","section":"Shading Mode"},"sceneLighting":false,"audioPlay":false,"sceneViewState":{"m_AlwaysRefresh":false,"showFog":true,"showSkybox":false,"showFlares":true,"showImageEffects":true,"showParticleSystems":true,"showVisualEffectGraphs":true,"m_FxEnabled":true},"in2DMode":false,"pivot":{"x":0.006997991353273392,"y":0.0016672180499881507,"z":0.0010008190292865039},"rotation":{"x":0.05731729790568352,"y":-0.940423309803009,"z":0.20073692500591279,"w":0.26848065853118899},"size":0.00912554282695055,"orthographic":false}