{"cameraMode":{"drawMode":0,"name":"Shaded","section":"Shading Mode"},"sceneLighting":true,"audioPlay":false,"sceneViewState":{"m_AlwaysRefresh":false,"showFog":true,"showSkybox":true,"showFlares":true,"showImageEffects":true,"showParticleSystems":true,"showVisualEffectGraphs":true,"m_FxEnabled":true},"in2DMode":false,"pivot":{"x":84.19999694824219,"y":2.2200002670288088,"z":69.4000015258789},"rotation":{"x":0.2598506808280945,"y":-0.06464070826768875,"z":0.017062051221728326,"w":0.9634885191917419},"size":30.638412475585939,"orthographic":false}