{"cameraMode":{"drawMode":0,"name":"Shaded","section":"Shading Mode"},"sceneLighting":false,"audioPlay":false,"sceneViewState":{"m_AlwaysRefresh":false,"showFog":true,"showSkybox":false,"showFlares":true,"showImageEffects":true,"showParticleSystems":true,"showVisualEffectGraphs":true,"m_FxEnabled":true},"in2DMode":false,"pivot":{"x":-0.0008988599292933941,"y":0.004946006461977959,"z":0.0003161272034049034},"rotation":{"x":0.10532400012016297,"y":-0.3633994460105896,"z":0.04138367623090744,"w":0.9247826933860779},"size":0.022296322509646417,"orthographic":false}