{"cameraMode":{"drawMode":0,"name":"Shaded","section":"Shading Mode"},"sceneLighting":false,"audioPlay":false,"sceneViewState":{"m_AlwaysRefresh":false,"showFog":true,"showSkybox":false,"showFlares":true,"showImageEffects":true,"showParticleSystems":true,"showVisualEffectGraphs":true,"m_FxEnabled":true},"in2DMode":false,"pivot":{"x":0.4406350255012512,"y":1.452791452407837,"z":-1.11761474609375},"rotation":{"x":0.0011277023004367948,"y":-0.9986830353736877,"z":-0.029674222692847253,"w":-0.046160805970430377},"size":1.2081270217895508,"orthographic":false}