{"cameraMode":{"drawMode":0,"name":"Shaded","section":"Shading Mode"},"sceneLighting":false,"audioPlay":false,"sceneViewState":{"m_AlwaysRefresh":false,"showFog":true,"showSkybox":false,"showFlares":true,"showImageEffects":true,"showParticleSystems":true,"showVisualEffectGraphs":true,"m_FxEnabled":true},"in2DMode":false,"pivot":{"x":0.15020912885665894,"y":0.024753009900450708,"z":0.029356861487030984},"rotation":{"x":0.31167688965797427,"y":-0.1032247394323349,"z":0.03409085050225258,"w":0.9439935684204102},"size":0.016832677647471429,"orthographic":false}